component,model,metric,value
category,baseline_tfidf,accuracy,0.9583
category,baseline_tfidf,macro_f1,0.9645
category,baseline_tfidf,weighted_f1,0.9606
category,improved_sbert,accuracy,0.875
category,improved_sbert,macro_f1,0.7875
category,improved_sbert,weighted_f1,0.8568
audience,baseline_tfidf,micro_f1,0.9375
audience,baseline_tfidf,macro_f1,0.8786
audience,baseline_tfidf,exact_match,0.8333
audience,baseline_tfidf,hamming,0.0556
audience,improved_sbert,micro_f1,0.9206
audience,improved_sbert,macro_f1,0.8342
audience,improved_sbert,exact_match,0.8333
audience,improved_sbert,hamming,0.0694
ner_exact,baseline_sm,ORG_f1,0.194
ner_exact,baseline_sm,DATE_f1,0.966
ner_exact,baseline_sm,PERSON_f1,0.0
ner_exact,baseline_sm,TIME_f1,1.0
ner_exact,baseline_sm,EMAIL_f1,1.0
ner_exact,baseline_sm,OVERALL_f1,0.548
ner_exact,improved_bert_ner,ORG_f1,0.333
ner_exact,improved_bert_ner,DATE_f1,0.966
ner_exact,improved_bert_ner,PERSON_f1,0.0
ner_exact,improved_bert_ner,TIME_f1,1.0
ner_exact,improved_bert_ner,EMAIL_f1,1.0
ner_exact,improved_bert_ner,OVERALL_f1,0.627
ner_overlap,baseline_sm,ORG_f1,0.452
ner_overlap,baseline_sm,DATE_f1,1.0
ner_overlap,baseline_sm,PERSON_f1,0.571
ner_overlap,baseline_sm,TIME_f1,1.0
ner_overlap,baseline_sm,EMAIL_f1,1.0
ner_overlap,baseline_sm,OVERALL_f1,0.722
ner_overlap,improved_bert_ner,ORG_f1,0.609
ner_overlap,improved_bert_ner,DATE_f1,1.0
ner_overlap,improved_bert_ner,PERSON_f1,0.571
ner_overlap,improved_bert_ner,TIME_f1,1.0
ner_overlap,improved_bert_ner,EMAIL_f1,1.0
ner_overlap,improved_bert_ner,OVERALL_f1,0.813
summarization,bart_baseline,rouge1,0.2529
summarization,bart_baseline,rouge2,0.105
summarization,bart_baseline,rougeL,0.1861
summarization,bart_baseline,avg_len,26.2
summarization,bart_baseline,hall_rate,0.0667
summarization,bart_ner_prefix,rouge1,0.2328
summarization,bart_ner_prefix,rouge2,0.0985
summarization,bart_ner_prefix,rougeL,0.1866
summarization,bart_ner_prefix,avg_len,19.3
summarization,bart_ner_prefix,hall_rate,0.0
