doc_id,role,source_snippet,reference,sys_a,sys_b
48,student,"To secure admission to the

Postgraduate Programs at Banaras Hindu University, all Indian applicants are required to participate in the Common University
Entrance Test (CUET-PG) 2026 conducted by the National Testing
Agency, for information related to CUET (PG)-2026 visit:
https://exams.nta.nic.in/c","Regular Students ⮲ Applicants must be Indian citizens to be eligible for Postgraduate Program admissions at Banaras Hindu University. ⮲ All candidates, including those applying under the supernumerary quota, must appear for the Common University Entrance Test (CUET-PG) 2026.","This bulletin is available on the website of the Department of Postgraduate Programs at Banaras Hindu University, all Indian applicants are required to participate in the Common University Admission/Entrance Test (CUET-PG) 2026 conducted by the National Testing Agency (NTA).According to the NTA-Agency, for information related to CUET (PG)-2026 visit: https://www.nta.gov.in/registration/","This bulletin provides the following information on the eligibility criteria for the postgraduate programs at Banaras Hindu University, all Indian applicants are required to participate in the Common University Admission/Entrance Test (CUET-PG) 2026 conducted by the National Testing Agency (NTSA).According to the NTSA-Agency, for information related to CUET (PG)-2026 visit:https://exams.nta.nic.in/cuet-pg, https://registration -for-cuetpg-2026/"
48,faculty,"To secure admission to the

Postgraduate Programs at Banaras Hindu University, all Indian applicants are required to participate in the Common University
Entrance Test (CUET-PG) 2026 conducted by the National Testing
Agency, for information related to CUET (PG)-2026 visit:
https://exams.nta.nic.in/c",No specific faculty action is stated; this bulletin is addressed to prospective PG applicants explaining CUET-PG-based admission requirements.,"Candidates are advised to read this bulletin carefully before applying for admission at Banaras Hindu University, all Indian applicants are required to participate in the Common University Admission/Entrance Test (CUET-PG) 2026 conducted by the National Testing Agency (NTA).According to the NTA-Agency, for information related to CUET (PG)-2026 visit:https://exams.nta.nic.in/","This bulletin provides the following information on the eligibility criteria for Postgraduate Programs at Banaras Hindu University, all Indian applicants are required to participate in the Common University Admission/Entrance Test (CUET-PG) 2026 conducted by the National Testing Agency (NTA).According to the NTA-Agency, for information related to CUET (PG)-2026 visit:https://exams.nta.nic.in/cuet-pg-2026, https://examin.nta.gov.in /registration -for-cuet/PG/2026/"
52,student,"अȯƗ
कŐ ūीय Ů वेश सिमित
Chairman
Central Admission Committee

Date: 16.09.2026

BHU CUET – UG Admission 2026
BPA /BFA MOP-UP Round- 1 Allotment

Sl. No. Activity Date & Time

1. Allocation of Seat and Online Fee Payment Link 16.09.2026 (05:00 PM)
(Live on Candidate’s Samarth Dashboard) (Wednesday)

2","For UG MOP-UP Round- 1, seats are allotted on 16.09.2026; pay the admission fee on the portal by 17.09.2026 or the offered seat is cancelled and forfeited.",Admission Fee Payment Deadline: 15.09.2026 (11:59 PM),Admission Fee Payment Deadline: 15.09.2026 (11:59 PM)
52,faculty,"अȯƗ
कŐ ūीय Ů वेश सिमित
Chairman
Central Admission Committee

Date: 16.09.2026

BHU CUET – UG Admission 2026
BPA /BFA MOP-UP Round- 1 Allotment

Sl. No. Activity Date & Time

1. Allocation of Seat and Online Fee Payment Link 16.09.2026 (05:00 PM)
(Live on Candidate’s Samarth Dashboard) (Wednesday)

2",No specific faculty/staff action is stated in this UG MOP-UP Round- 1 notice; it only informs candidates of the seat-allotment and fee-payment schedule.,Admission Fee Payment Deadline: 16.09.2026 (05:59 PM),Admission Fee Payment Deadline: 16.09.2026 (05:59 PM)
53,student,"अȯƗ
कŐ ūीय Ů वेश सिमित
Chairman
Central Admission Committee

Date: 15.09.2026

BHU CUET – UG Admission 2026
MOP-UP Round- 1 Allotment

Sl. No. Activity Date & Time

1. Allocation of Seat and Online Fee Payment Link 15.09.2026 (05:00 PM)
(Live on Candidate’s Samarth Dashboard) (Tuesday)

2. Last Date","For UG MOP-UP Round- 1, seats are allotted on 15.09.2026; pay the admission fee on the portal by 16.09.2026 or the offered seat is cancelled and forfeited.",Admission Fee Payment Deadline: 15.09.2026 (05:59 PM),Admission Fee Payment Deadline: 15.09.2026 (05:59 PM)
