document_id,pdf_filename,extraction_status,extraction_method,text_length,page_count,language,quality_flags,duplicate_candidate,duplicate_of,duplicate_reason,processing_status,exclusion_reason,extraction_error
1,0001_Trial_Notice_for_Hockey_MenWomen.pdf,no_text,,0,1,other/unknown,"[""empty_or_no_text_layer"", ""requires_ocr""]",False,,,extraction_failed,unreadable_or_scanned_requires_ocr,
2,0002_Instructions_for_Ensuring_Cleanliness_and_Furniture_Maintenance_in_University_Departments_and_Instit.pdf,no_text,,0,1,other/unknown,"[""empty_or_no_text_layer"", ""requires_ocr""]",False,,,extraction_failed,unreadable_or_scanned_requires_ocr,
3,0003_Strict_Compliance_with_UGC_Regulations_2009_for_Prevention_of_Ragging.pdf,no_text,,18,7,other/unknown,"[""empty_or_no_text_layer"", ""requires_ocr"", ""suspicious_page_extraction""]",False,,,extraction_failed,unreadable_or_scanned_requires_ocr,
4,0004_Trial_Notice_for_Chess_Kabaddi_and_Cross_Country_Race_MenWomen.pdf,no_text,,6,3,other/unknown,"[""empty_or_no_text_layer"", ""requires_ocr"", ""suspicious_page_extraction""]",False,,,extraction_failed,unreadable_or_scanned_requires_ocr,
5,0005_Constitution_of_Committee_for_Inspection_and_Improvement_of_University_Messes.pdf,no_text,,0,1,other/unknown,"[""empty_or_no_text_layer"", ""requires_ocr""]",False,,,extraction_failed,unreadable_or_scanned_requires_ocr,
6,0006_Co-Curricular_Subject_Selection_for_BSc_First_Semester_Students_by_25_September_2026.pdf,no_text,,0,1,other/unknown,"[""empty_or_no_text_layer"", ""requires_ocr""]",False,,,extraction_failed,unreadable_or_scanned_requires_ocr,
7,0007_Appointment_of_Provosts_and_Assistant_Provosts_for_Various_University_Halls.pdf,no_text,,0,1,other/unknown,"[""empty_or_no_text_layer"", ""requires_ocr""]",False,,,extraction_failed,unreadable_or_scanned_requires_ocr,
8,0008_Regarding_Students_Participation_in_the_Indian_Culture_Knowledge_Examination.pdf,no_text,,0,1,other/unknown,"[""empty_or_no_text_layer"", ""requires_ocr""]",False,,,extraction_failed,unreadable_or_scanned_requires_ocr,
9,0009_Regarding_Ensuring_Maximum_Student_Registration_and_Participation_in_the_Viksit_Bharat_Young_Leader_.pdf,no_text,,0,1,other/unknown,"[""empty_or_no_text_layer"", ""requires_ocr""]",False,,,extraction_failed,unreadable_or_scanned_requires_ocr,
10,0010_Notice_for_Direct_Admission_under_Sports_Quota_2026-27.pdf,no_text,,0,1,other/unknown,"[""empty_or_no_text_layer"", ""requires_ocr""]",False,,,extraction_failed,unreadable_or_scanned_requires_ocr,
11,0011_Exam_Form_Notice_Sem-5_7_9_Regular_Improvement_Sem-3_Improvement.pdf,no_text,,0,1,other/unknown,"[""empty_or_no_text_layer"", ""requires_ocr""]",False,,,extraction_failed,unreadable_or_scanned_requires_ocr,
12,0012_Exam_Form_Notice_Sem-3_Regular_Samarth.pdf,no_text,,0,1,other/unknown,"[""empty_or_no_text_layer"", ""requires_ocr""]",False,,,extraction_failed,unreadable_or_scanned_requires_ocr,
13,0013_Exonorated_Result_MCom_2026.pdf,no_text,,0,1,other/unknown,"[""empty_or_no_text_layer"", ""requires_ocr""]",False,,,extraction_failed,unreadable_or_scanned_requires_ocr,
14,0014_Paper_Cancel_Result_MCom_2026.pdf,no_text,,3,2,other/unknown,"[""empty_or_no_text_layer"", ""requires_ocr"", ""suspicious_page_extraction""]",False,,,extraction_failed,unreadable_or_scanned_requires_ocr,
15,0015_UFM_Result_MSc_2026.pdf,no_text,,3,2,other/unknown,"[""empty_or_no_text_layer"", ""requires_ocr"", ""suspicious_page_extraction""]",False,,,extraction_failed,unreadable_or_scanned_requires_ocr,
16,0016_UFM_Result_BTech_MCA_BPharma_2026.pdf,no_text,,3,2,other/unknown,"[""empty_or_no_text_layer"", ""requires_ocr"", ""suspicious_page_extraction""]",False,,,extraction_failed,unreadable_or_scanned_requires_ocr,
17,0017_UFM_Result_LLB_3_Years_2026.pdf,no_text,,3,2,other/unknown,"[""empty_or_no_text_layer"", ""requires_ocr"", ""suspicious_page_extraction""]",False,,,extraction_failed,unreadable_or_scanned_requires_ocr,
18,0018_UFM_Result_LLB_Hon_LLM_2026.pdf,no_text,,0,1,other/unknown,"[""empty_or_no_text_layer"", ""requires_ocr""]",False,,,extraction_failed,unreadable_or_scanned_requires_ocr,
19,0019_UFM_Result_MA_2026.pdf,no_text,,0,1,other/unknown,"[""empty_or_no_text_layer"", ""requires_ocr""]",False,,,extraction_failed,unreadable_or_scanned_requires_ocr,
20,0020_Final_Medal_List_Convocation_2026.pdf,no_text,,51,18,other/unknown,"[""empty_or_no_text_layer"", ""requires_ocr"", ""suspicious_page_extraction""]",False,,,extraction_failed,unreadable_or_scanned_requires_ocr,
21,0021.pdf,no_text,,0,1,other/unknown,"[""empty_or_no_text_layer"", ""requires_ocr""]",False,,,extraction_failed,unreadable_or_scanned_requires_ocr,
22,0022.pdf,no_text,,0,1,other/unknown,"[""empty_or_no_text_layer"", ""requires_ocr""]",False,,,extraction_failed,unreadable_or_scanned_requires_ocr,
23,0023.pdf,no_text,,0,1,other/unknown,"[""empty_or_no_text_layer"", ""requires_ocr""]",False,,,extraction_failed,unreadable_or_scanned_requires_ocr,
24,0024.pdf,no_text,,0,1,other/unknown,"[""empty_or_no_text_layer"", ""requires_ocr""]",False,,,extraction_failed,unreadable_or_scanned_requires_ocr,
25,0025.pdf,no_text,,0,1,other/unknown,"[""empty_or_no_text_layer"", ""requires_ocr""]",False,,,extraction_failed,unreadable_or_scanned_requires_ocr,
26,0026.pdf,no_text,,0,1,other/unknown,"[""empty_or_no_text_layer"", ""requires_ocr""]",False,,,extraction_failed,unreadable_or_scanned_requires_ocr,
27,0027.pdf,no_text,,0,1,other/unknown,"[""empty_or_no_text_layer"", ""requires_ocr""]",False,,,extraction_failed,unreadable_or_scanned_requires_ocr,
28,0028.pdf,no_text,,3,2,other/unknown,"[""empty_or_no_text_layer"", ""requires_ocr"", ""suspicious_page_extraction""]",False,,,extraction_failed,unreadable_or_scanned_requires_ocr,
29,0029.pdf,success,layout,1903,1,English,[],False,,,included,,
30,0030.pdf,no_text,,0,1,other/unknown,"[""empty_or_no_text_layer"", ""requires_ocr""]",False,,,extraction_failed,unreadable_or_scanned_requires_ocr,
31,0031.pdf,success,default_fallback,5,1,other/unknown,"[""extremely_short_text""]",False,,,needs_review,insufficient_text,
32,0032.pdf,no_text,,3,2,other/unknown,"[""empty_or_no_text_layer"", ""requires_ocr"", ""suspicious_page_extraction""]",False,,,extraction_failed,unreadable_or_scanned_requires_ocr,
33,0033.pdf,no_text,,9,4,other/unknown,"[""empty_or_no_text_layer"", ""requires_ocr"", ""suspicious_page_extraction""]",False,,,extraction_failed,unreadable_or_scanned_requires_ocr,
34,0034.pdf,no_text,,3,2,other/unknown,"[""empty_or_no_text_layer"", ""requires_ocr"", ""suspicious_page_extraction""]",False,,,extraction_failed,unreadable_or_scanned_requires_ocr,
35,0035.pdf,no_text,,6,3,other/unknown,"[""empty_or_no_text_layer"", ""requires_ocr"", ""suspicious_page_extraction""]",False,,,extraction_failed,unreadable_or_scanned_requires_ocr,
36,0036.pdf,success,layout,429261,139,English,"[""possible_badly_extracted_table""]",False,,,included,,
37,0037.pdf,no_text,,15,6,other/unknown,"[""empty_or_no_text_layer"", ""requires_ocr"", ""suspicious_page_extraction""]",False,,,extraction_failed,unreadable_or_scanned_requires_ocr,
38,0038.pdf,no_text,,15,6,other/unknown,"[""empty_or_no_text_layer"", ""requires_ocr"", ""suspicious_page_extraction""]",False,,,extraction_failed,unreadable_or_scanned_requires_ocr,
39,0039.pdf,no_text,,12,5,other/unknown,"[""empty_or_no_text_layer"", ""requires_ocr"", ""suspicious_page_extraction""]",False,,,extraction_failed,unreadable_or_scanned_requires_ocr,
40,0040.pdf,no_text,,3,2,other/unknown,"[""empty_or_no_text_layer"", ""requires_ocr"", ""suspicious_page_extraction""]",False,,,extraction_failed,unreadable_or_scanned_requires_ocr,
41,0041.pdf,no_text,,0,1,other/unknown,"[""empty_or_no_text_layer"", ""requires_ocr""]",False,,,extraction_failed,unreadable_or_scanned_requires_ocr,
42,0042.pdf,no_text,,0,1,other/unknown,"[""empty_or_no_text_layer"", ""requires_ocr""]",False,,,extraction_failed,unreadable_or_scanned_requires_ocr,
43,0043.pdf,no_text,,12,5,other/unknown,"[""empty_or_no_text_layer"", ""requires_ocr"", ""suspicious_page_extraction""]",False,,,extraction_failed,unreadable_or_scanned_requires_ocr,
44,0044.pdf,no_text,,3,2,other/unknown,"[""empty_or_no_text_layer"", ""requires_ocr"", ""suspicious_page_extraction""]",False,,,extraction_failed,unreadable_or_scanned_requires_ocr,
45,0045.pdf,no_text,,3,2,other/unknown,"[""empty_or_no_text_layer"", ""requires_ocr"", ""suspicious_page_extraction""]",False,,,extraction_failed,unreadable_or_scanned_requires_ocr,
46,0046.pdf,no_text,,3,2,other/unknown,"[""empty_or_no_text_layer"", ""requires_ocr"", ""suspicious_page_extraction""]",False,,,extraction_failed,unreadable_or_scanned_requires_ocr,
47,0047.pdf,success,layout,280572,70,English,"[""possible_badly_extracted_table""]",False,,,included,,
48,0048.pdf,success,layout,414104,125,English,"[""possible_badly_extracted_table""]",False,,,included,,
49,0049.pdf,success,layout,37319,15,English,"[""possible_badly_extracted_table""]",False,,,included,,
50,0050.pdf,success,layout,2612,1,English,"[""possible_badly_extracted_table"", ""near_duplicate_similarity_review"", ""near_duplicate_similarity_review""]",False,,,included,,
51,0051.pdf,success,layout,6818,2,mixed Hindi/English,"[""possible_badly_extracted_table""]",False,,,needs_review,mixed_language_requires_review,
52,0052.pdf,success,layout,2724,1,English,"[""possible_badly_extracted_table"", ""near_duplicate_similarity_review"", ""near_duplicate_similarity_review""]",False,,,included,,
53,0053.pdf,success,layout,2612,1,English,"[""possible_badly_extracted_table"", ""near_duplicate_similarity_review"", ""near_duplicate_similarity_review"", ""near_duplicate_similarity_review""]",False,,,included,,
54,0054.pdf,success,layout,233909,31,English,"[""possible_badly_extracted_table""]",False,,,included,,
55,0055.pdf,success,layout,3416,1,English,[],False,,,included,,
56,0056.pdf,no_text,,3,2,other/unknown,"[""empty_or_no_text_layer"", ""requires_ocr"", ""suspicious_page_extraction""]",False,,,extraction_failed,unreadable_or_scanned_requires_ocr,
57,0057.pdf,success,layout,2850,1,English,"[""possible_badly_extracted_table"", ""near_duplicate_similarity_review"", ""near_duplicate_similarity_review"", ""near_duplicate_similarity_review""]",False,,,included,,
58,0058.pdf,success,layout,2642,1,mixed Hindi/English,"[""possible_badly_extracted_table""]",False,,,needs_review,mixed_language_requires_review,
59,0059.pdf,success,layout,2847,1,English,"[""possible_badly_extracted_table"", ""near_duplicate_similarity_review"", ""near_duplicate_similarity_review""]",False,,,included,,
60,0060.pdf,success,layout,1352,1,English,[],False,,,included,,
61,0061.pdf,success,layout,596431,31,English,"[""possible_badly_extracted_table""]",False,,,included,,
62,0062.pdf,success,layout,448486,37,English,"[""possible_badly_extracted_table""]",False,,,included,,
63,0063.pdf,success,layout,4183,1,English,[],False,,,included,,
64,0064.pdf,success,layout,3844,1,English,[],False,,,included,,
65,0065.pdf,success,layout,2847,1,English,"[""possible_badly_extracted_table"", ""near_duplicate_similarity_review"", ""near_duplicate_similarity_review"", ""near_duplicate_similarity_review""]",False,,,included,,
66,0066.pdf,success,layout,2850,1,English,"[""possible_badly_extracted_table"", ""near_duplicate_similarity_review"", ""near_duplicate_similarity_review""]",False,,,included,,
67,0067.pdf,success,layout,145126,19,English,"[""possible_badly_extracted_table""]",False,,,included,,
68,0068.pdf,success,layout,2866,1,English,"[""possible_badly_extracted_table""]",False,,,included,,
69,0069.pdf,success,default_fallback,408708,153,English,[],False,,,included,,
70,0070.pdf,success,layout,1637,1,English,[],False,,,included,,
71,0071.pdf,success,layout,3082,1,English,"[""possible_badly_extracted_table""]",False,,,included,,
72,0072.pdf,success,layout,6395,2,English,[],False,,,included,,
73,0073.pdf,success,layout,1550,1,English,[],False,,,included,,
74,0074.pdf,success,layout,2372,1,English,[],False,,,included,,
75,0075.pdf,success,layout,2958,1,English,[],False,,,included,,
76,0076.pdf,success,layout,4009,1,English,"[""possible_badly_extracted_table""]",False,,,included,,
77,0077.pdf,success,layout,3253,1,English,"[""near_duplicate_similarity_review"", ""near_duplicate_similarity_review"", ""near_duplicate_similarity_review"", ""near_duplicate_similarity_review""]",False,,,included,,
78,0078.pdf,success,layout,5055,2,English,"[""possible_badly_extracted_table""]",False,,,included,,
79,0079.pdf,success,layout,372382,41,English,"[""possible_badly_extracted_table""]",False,,,included,,
80,0080.pdf,no_text,,36,13,other/unknown,"[""empty_or_no_text_layer"", ""requires_ocr"", ""suspicious_page_extraction""]",False,,,extraction_failed,unreadable_or_scanned_requires_ocr,
81,0081.pdf,success,layout,44782,15,English,"[""possible_badly_extracted_table""]",False,,,included,,
82,0082.pdf,success,layout,2090,1,mixed Hindi/English,[],False,,,needs_review,mixed_language_requires_review,
83,0083.pdf,success,layout,102506,14,English,"[""possible_badly_extracted_table""]",False,,,included,,
84,0084.pdf,success,layout,3692,1,English,[],False,,,included,,
85,0085.pdf,success,layout,2748,1,English,[],False,,,included,,
86,0086.pdf,success,layout,3235,1,English,"[""near_duplicate_similarity_review"", ""near_duplicate_similarity_review""]",False,,,included,,
87,0087.pdf,success,layout,3229,1,English,"[""near_duplicate_similarity_review"", ""near_duplicate_similarity_review"", ""near_duplicate_similarity_review"", ""near_duplicate_similarity_review""]",False,,,included,,
88,0088.pdf,success,layout,3242,1,English,"[""near_duplicate_similarity_review"", ""near_duplicate_similarity_review""]",False,,,included,,
89,0089.pdf,success,layout,2400,1,English,[],False,,,included,,
90,0090.pdf,success,layout,20370,9,English,"[""possible_badly_extracted_table""]",False,,,included,,
91,0091.pdf,success,layout,3228,1,English,"[""near_duplicate_similarity_review"", ""near_duplicate_similarity_review"", ""near_duplicate_similarity_review"", ""near_duplicate_similarity_review""]",False,,,included,,
92,0092.pdf,success,layout,28422,11,English,"[""possible_badly_extracted_table""]",False,,,included,,
93,0093.pdf,success,layout,45016,14,English,"[""possible_badly_extracted_table""]",False,,,included,,
94,0094.pdf,success,layout,3231,1,English,"[""near_duplicate_similarity_review"", ""near_duplicate_similarity_review"", ""near_duplicate_similarity_review"", ""near_duplicate_similarity_review""]",False,,,included,,
95,0095.pdf,success,layout,1506,1,English,"[""possible_badly_extracted_table""]",False,,,included,,
96,0096.pdf,success,layout,2394,1,English,"[""possible_badly_extracted_table""]",False,,,included,,
97,0097.pdf,success,layout,16713,6,English,"[""possible_badly_extracted_table""]",False,,,included,,
98,0098.pdf,success,layout,1957,1,English,"[""possible_badly_extracted_table""]",False,,,included,,
99,0099.pdf,success,layout,706,1,English,"[""possible_badly_extracted_table""]",False,,,included,,
100,0100.pdf,success,layout,4155,1,English,"[""possible_badly_extracted_table""]",False,,,included,,
101,0101.pdf,success,layout,1214,1,English,"[""possible_badly_extracted_table""]",False,,,included,,
102,0102.pdf,success,layout,11503,4,English,"[""possible_badly_extracted_table""]",False,,,included,,
103,0103.pdf,success,layout,995,1,English,"[""possible_badly_extracted_table""]",False,,,included,,
104,0104.pdf,success,layout,6320,2,English,"[""possible_badly_extracted_table""]",False,,,included,,
105,0105.pdf,success,layout,1701,1,English,[],False,,,included,,
106,0106.pdf,success,layout,19990,8,English,"[""possible_badly_extracted_table""]",False,,,included,,
107,0107.pdf,success,layout,6158,2,English,"[""possible_badly_extracted_table""]",False,,,included,,
108,0108.pdf,success,layout,73338,26,English,"[""possible_badly_extracted_table""]",False,,,included,,
109,0109.pdf,success,layout,20701,5,English,"[""possible_badly_extracted_table""]",False,,,included,,
110,0110.pdf,success,layout,19680,5,English,"[""possible_badly_extracted_table""]",False,,,included,,
111,0111.pdf,success,layout,11013,4,English,"[""possible_badly_extracted_table""]",False,,,included,,
112,0112.pdf,success,layout,20873,7,English,"[""possible_badly_extracted_table""]",False,,,included,,
113,0113.pdf,success,layout,21267,6,English,"[""possible_badly_extracted_table""]",False,,,included,,
114,0114.pdf,success,layout,38314,10,English,"[""possible_badly_extracted_table""]",False,,,included,,
115,0115.pdf,success,layout,14678,4,English,"[""possible_badly_extracted_table""]",False,,,included,,
116,0116.pdf,success,layout,36569,11,English,"[""possible_badly_extracted_table""]",False,,,included,,
117,0117.pdf,success,layout,3154,1,English,[],False,,,included,,
118,0118.pdf,no_text,,0,1,other/unknown,"[""empty_or_no_text_layer"", ""requires_ocr""]",False,,,extraction_failed,unreadable_or_scanned_requires_ocr,
119,0119.pdf,success,layout,67889,23,English,"[""possible_badly_extracted_table""]",False,,,included,,
120,0120.pdf,success,layout,156695,51,mixed Hindi/English,"[""possible_badly_extracted_table""]",False,,,needs_review,mixed_language_requires_review,
121,0121.pdf,success,layout,22004,6,English,"[""possible_badly_extracted_table"", ""near_duplicate_similarity_review"", ""near_duplicate_similarity_review""]",False,,,included,,
122,0122.pdf,success,layout,23993,6,English,"[""possible_badly_extracted_table"", ""near_duplicate_similarity_review"", ""near_duplicate_similarity_review""]",False,,,included,,
123,0123.pdf,success,layout,16337,8,English,[],False,,,included,,
126,0126.pdf,success,default_fallback,12988,6,English,[],False,,,included,,page_6:layout:ZeroDivisionError: float floor division by zero
127,0127.pdf,success,default_fallback,16169,8,English,[],False,,,included,,page_8:layout:ZeroDivisionError: float floor division by zero
128,0128.pdf,no_text,,0,1,other/unknown,"[""empty_or_no_text_layer"", ""requires_ocr""]",False,,,extraction_failed,unreadable_or_scanned_requires_ocr,
129,0129.pdf,success,layout,16598,7,English,"[""possible_badly_extracted_table""]",False,,,included,,
130,0130.pdf,no_text,,3,2,other/unknown,"[""empty_or_no_text_layer"", ""requires_ocr"", ""suspicious_page_extraction""]",False,,,extraction_failed,unreadable_or_scanned_requires_ocr,
,0131.pdf,no_text,,9,4,other/unknown,"[""category_missing_or_uncertain"", ""empty_or_no_text_layer"", ""metadata_missing"", ""requires_ocr"", ""suspicious_page_extraction""]",False,,,needs_review,missing_authoritative_document_id,
,0132.pdf,no_text,,0,1,other/unknown,"[""category_missing_or_uncertain"", ""empty_or_no_text_layer"", ""metadata_missing"", ""requires_ocr""]",False,,,needs_review,missing_authoritative_document_id,
,0133.pdf,no_text,,291,98,other/unknown,"[""category_missing_or_uncertain"", ""empty_or_no_text_layer"", ""metadata_missing"", ""requires_ocr"", ""suspicious_page_extraction""]",False,,,needs_review,missing_authoritative_document_id,
,0134.pdf,no_text,,195,66,other/unknown,"[""category_missing_or_uncertain"", ""empty_or_no_text_layer"", ""metadata_missing"", ""requires_ocr"", ""suspicious_page_extraction""]",False,,,needs_review,missing_authoritative_document_id,
,0135.pdf,no_text,,279,94,other/unknown,"[""category_missing_or_uncertain"", ""empty_or_no_text_layer"", ""metadata_missing"", ""requires_ocr"", ""suspicious_page_extraction""]",False,,,needs_review,missing_authoritative_document_id,
